FirstName;LastName;City;Country
Mirza;da Rocha;Apucarana;Brazil
Murat;Oraloğlu;Giresun;Turkey
Gretchen;Strunk;Lauda-Königshofen;Germany
Şevval;Ophorst;Mariahout;Netherlands
Anísio;Costa;Ibirité;Brazil
Marcus;Martinez;Gampelen;Switzerland
Dylan;King;Whanganui;New Zealand
Larry;Graham;Farmers Branch;United States
Zeynab;Snoek;'t Zand;Netherlands
Mia;Braseth;Skreia;Norway
Dorogomir;Yarich;Drogobich;Ukraine
Frida;Van der Kolk;Hoogvliet Rotterdam;Netherlands
Albert;Christiansen;Klitmøller;Denmark
Ömür;Ertürk;İstanbul;Turkey
Neea;Haapala;Järvenpää;Finland
Kasper;Ahola;Kankaanpää;Finland
Claudia;Ramos;Pontevedra;Spain
Justin;Sanchez;Personico;Switzerland
Julio;Hidalgo;Torreón;Mexico
Angelina;Stojaković;Bosilegrad;Serbia
Thibault;Mathieu;Bordeaux;France
Roberta;Roche;Oberriet (Sg);Switzerland
Osnaura;Vieira;Cuiabá;Brazil
Leposava;Šijan;Trgovište;Serbia
Alma;Mortensen;Gørløse;Denmark
Aaron;Howard;Beaumont;United States
Eleonora;Pejaković;Štrpce;Serbia
Per;Lundekvam;Undheim;Norway
Elias;Lucas;Crésuz;Switzerland
Kathy;Romeijn;Cornwerd;Netherlands
Ralph;Marchand;Dürrenäsch;Switzerland
Zeneide;Jesus;Itaquaquecetuba;Brazil
Lærke;Christensen;Roedovre;Denmark
Emily;Young;Deer Lake;Canada
Eckhardt;Kuschel;Doberlug-Kirchhain;Germany
Olivia;Ray;Newbridge;Ireland
Mavka;Nikolenko;Vilnogirsk;Ukraine
Suzy;Payne;Sunderland;United Kingdom
Todor;Glavaš;Blace;Serbia
Mauricio;Urbina;Chochola;Mexico
Tanju;Kreft;Tienhoven Ut;Netherlands
Evangelos;Krammer;Schramberg;Germany
Vseslav;Gricyak;Borzna;Ukraine
Gülçin;Hindriks;Avest;Netherlands
Zora;Tripković;Pančevo;Serbia
Gerda;Leroux;Wäldi;Switzerland
Julio;Ross;Kilkenny;Ireland
آرتين;جعفری;تبریز;Iran
Vodotrav;Merzlenko;Zboriv;Ukraine
Thibaut;Le Gall;Champigny-sur-Marne;France
Hala;Ibrahimi;Bantega;Netherlands
Mario;Velasco;Palma de Mallorca;Spain
Kilian;Richard;Landquart;Switzerland
Alma;Møller;Nimtofte;Denmark
Noel;Clement;Göschenen;Switzerland
Samantha;Nyvold;Sørland;Norway
Neura;da Mota;São Gonçalo;Brazil
Zacarías;Cuellar;La Norteña;Mexico
Safa;Karoliussen;Ekne;Norway
Nói;Carvalho;Atibaia;Brazil
Yvette;Diederich;Furth im Wald;Germany
Wilfrido;Domínguez;Santa María Moyotzingo;Mexico
Özsu;Mayhoş;Amasya;Turkey
Melike;Yazıcı;Bitlis;Turkey
Calvin;Jordan;Sligo;Ireland
Iegor;Bezpaliy;Valki;Ukraine
Esther;Barrett;Omaha;United States
Jadwiga;Rohde;Brakel;Germany
Kayla;Lawson;Rush;Ireland
Tomas;Vidal;Alicante;Spain
Molly;Mills;Southampton;United Kingdom
محمدطاها;جعفری;اسلام‌شهر;Iran
Orinder;Rajesh;Meerut;India
Gopika;Shetty;Jodhpur;India
Bronislava;Sich;Vizhnicya;Ukraine
Rosario;Giménez;Torrevieja;Spain
Rostislava;Nestayko;Truskavec;Ukraine
Tanvi;Kamath;Ozhukarai;India
Zenon;Heid;Weißenhorn;Germany
Vedat;Sadıklar;Bitlis;Turkey
Marcus;Curtis;Sunshine Coast;Australia
Frida;Pedersen;Århus C.;Denmark
Ella;Sims;Preston;United Kingdom
Omar;Marie;Vacallo;Switzerland
Mackenzie;Cooper;Porirua;New Zealand
Addison;Anderson;New Plymouth;New Zealand
Illya;Ogorodnik;Hotin;Ukraine
Donato;da Rosa;Betim;Brazil
Aldo;Canales;Villa Lázaro Cárdenas (La Uno);Mexico
Miguel;Nunes;Franca;Brazil
Friedl;Flügel;Delitzsch;Germany
Karl-Peter;Brinkmann;Plön;Germany
Anne-Sophie;Roozen;Reeuwijk;Netherlands
Dobrogost;Yuzvenko;Liman;Ukraine
Blanca;Serrano;Pamplona;Spain
Christina;Owens;Ely;United Kingdom
Anna-Luise;Kettler;Bretten;Germany
Clémentine;Vincent;Bordeaux;France
Rozhden;Roshko;Glinyani;Ukraine
دانیال;سالاری;ملارد;Iran
